{
  "xgboost": {
    "model_type": "xgboost",
    "test_r2": 0.6968152622829201,
    "val_r2": 0.7311220976207775,
    "train_r2": 0.7194588678545579,
    "test_mse": 19.960744447091887,
    "test_mae": 2.868305665692365,
    "n_estimators": 200
  }
}